"","PD","SR"
"E1_Coral Mucus",2130.854099,21
"E7_Coral Mucus",1679.022529,17
"E3_Coral Mucus",1653.973327,9
"E2_Coral Mucus",1627.066023,12
"E15_Coral Mucus",1421.780707,10
"E10_Coral Mucus",1210.384944,12
"E11_Coral Mucus",1129.608899,7
"E5_Coral Mucus",981.279037,5
"E12_Coral Mucus",369.443046,1
